date,hostname,user,ip
2018-03-27 14:54:57,ip-10-77-20-248,support,95.152.57.58
2018-03-27 17:08:34,ip-10-77-20-248,test,85.245.107.41
2018-03-27 18:22:24,ip-10-77-20-248,admin,201.177.23.130
2018-03-27 18:27:20,ip-10-77-20-248,support,190.178.62.6
2018-03-27 19:17:03,ip-10-77-20-248,admin,201.43.243.37
2018-03-27 22:02:41,ip-10-77-20-248,ftpuser,112.135.124.229
2018-03-27 22:43:44,ip-10-77-20-248,admin,62.73.115.98
2018-03-27 23:47:15,ip-10-77-20-248,default,2.60.103.231
2018-03-28 04:29:25,ip-10-77-20-248,admin,31.162.4.186
2018-03-28 05:20:01,ip-10-77-20-248,admin,118.180.18.102
2018-03-28 06:07:01,ip-10-77-20-248,test,5.144.9.33
2018-03-28 06:29:51,ip-10-77-20-248,0,91.197.232.109
2018-03-28 06:29:51,ip-10-77-20-248,0000,91.197.232.109
2018-03-28 06:29:52,ip-10-77-20-248,010101,91.197.232.109
2018-03-28 06:29:52,ip-10-77-20-248,1111,91.197.232.109
2018-03-28 06:29:55,ip-10-77-20-248,1234,91.197.232.109
2018-03-28 06:29:56,ip-10-77-20-248,admin,91.197.232.109
2018-03-28 06:29:57,ip-10-77-20-248,admin,91.197.232.109
2018-03-28 06:29:58,ip-10-77-20-248,admin,91.197.232.109
2018-03-28 06:30:01,ip-10-77-20-248,admin,91.197.232.109
2018-03-28 06:30:05,ip-10-77-20-248,admin,91.197.232.109
2018-03-28 06:30:07,ip-10-77-20-248,api,91.197.232.109
2018-03-28 06:30:08,ip-10-77-20-248,dbadmin,91.197.232.109
2018-03-28 06:30:10,ip-10-77-20-248,default,91.197.232.109
2018-03-28 06:30:11,ip-10-77-20-248,ftp,91.197.232.109
2018-03-28 06:30:12,ip-10-77-20-248,ftp,91.197.232.109
2018-03-28 06:30:13,ip-10-77-20-248,ftpuser,91.197.232.109
2018-03-28 06:30:14,ip-10-77-20-248,git,91.197.232.109
2018-03-28 06:30:15,ip-10-77-20-248,gpadmin,91.197.232.109
2018-03-28 06:30:16,ip-10-77-20-248,guest,91.197.232.109
2018-03-28 06:30:17,ip-10-77-20-248,monitor,91.197.232.109
2018-03-28 06:30:18,ip-10-77-20-248,operator,91.197.232.109
2018-03-28 06:30:18,ip-10-77-20-248,osmc,91.197.232.109
2018-03-28 06:30:19,ip-10-77-20-248,pi,91.197.232.109
2018-03-28 06:30:25,ip-10-77-20-248,service,91.197.232.109
2018-03-28 06:30:25,ip-10-77-20-248,support,91.197.232.109
2018-03-28 06:30:26,ip-10-77-20-248,telecomadmin,91.197.232.109
2018-03-28 06:30:26,ip-10-77-20-248,test,91.197.232.109
2018-03-28 06:30:27,ip-10-77-20-248,ubnt,91.197.232.109
2018-03-28 06:30:29,ip-10-77-20-248,user,91.197.232.109
2018-03-28 07:36:30,ip-10-77-20-248,admin,14.185.87.49
2018-03-28 08:39:14,ip-10-77-20-248,test,190.96.200.229
2018-03-28 09:16:03,ip-10-77-20-248,sybase,5.74.204.136
2018-03-28 09:16:11,ip-10-77-20-248,admin,5.74.204.136
2018-03-28 09:20:46,ip-10-77-20-248,admin1,186.133.159.181
2018-03-28 09:21:00,ip-10-77-20-248,newadmin,186.133.159.181
2018-03-28 09:52:50,ip-10-77-20-248,test,112.237.146.110
2018-03-28 10:04:15,ip-10-77-20-248,admin,179.37.3.130
2018-03-28 10:32:01,ip-10-77-20-248,deployer,217.100.114.122
2018-03-28 11:29:11,ip-10-77-20-248,cloud,39.71.33.50
2018-03-28 11:55:30,ip-10-77-20-248,admin,190.97.81.95
2018-03-28 14:48:27,ip-10-77-20-248,admin,5.141.40.99
2018-03-28 16:25:04,ip-10-77-20-248,temp,115.58.179.206
2018-03-28 17:13:05,ip-10-77-20-248,admin,201.178.186.182
2018-03-28 18:05:43,ip-10-77-20-248,0,91.197.232.109
2018-03-28 18:05:43,ip-10-77-20-248,0000,91.197.232.109
2018-03-28 18:05:44,ip-10-77-20-248,010101,91.197.232.109
2018-03-28 18:05:46,ip-10-77-20-248,1111,91.197.232.109
2018-03-28 18:05:49,ip-10-77-20-248,1234,91.197.232.109
2018-03-28 18:05:55,ip-10-77-20-248,admin,91.197.232.109
2018-03-28 18:05:56,ip-10-77-20-248,admin,91.197.232.109
2018-03-28 18:05:58,ip-10-77-20-248,admin,91.197.232.109
2018-03-28 18:05:59,ip-10-77-20-248,admin,91.197.232.109
2018-03-28 18:06:03,ip-10-77-20-248,admin,91.197.232.109
2018-03-28 18:06:07,ip-10-77-20-248,api,91.197.232.109
2018-03-28 18:06:08,ip-10-77-20-248,dbadmin,91.197.232.109
2018-03-28 18:06:08,ip-10-77-20-248,default,91.197.232.109
2018-03-28 18:06:10,ip-10-77-20-248,ftp,91.197.232.109
2018-03-28 18:06:11,ip-10-77-20-248,ftp,91.197.232.109
2018-03-28 18:06:13,ip-10-77-20-248,ftpuser,91.197.232.109
2018-03-28 18:06:14,ip-10-77-20-248,git,91.197.232.109
2018-03-28 18:06:15,ip-10-77-20-248,gpadmin,91.197.232.109
2018-03-28 18:06:16,ip-10-77-20-248,guest,91.197.232.109
2018-03-28 18:06:17,ip-10-77-20-248,monitor,91.197.232.109
2018-03-28 18:06:18,ip-10-77-20-248,operator,91.197.232.109
2018-03-28 18:06:19,ip-10-77-20-248,osmc,91.197.232.109
2018-03-28 18:06:20,ip-10-77-20-248,pi,91.197.232.109
2018-03-28 18:06:26,ip-10-77-20-248,service,91.197.232.109
2018-03-28 18:06:27,ip-10-77-20-248,support,91.197.232.109
2018-03-28 18:06:28,ip-10-77-20-248,telecomadmin,91.197.232.109
2018-03-28 18:06:29,ip-10-77-20-248,test,91.197.232.109
2018-03-28 18:06:30,ip-10-77-20-248,ubnt,91.197.232.109
2018-03-28 18:06:31,ip-10-77-20-248,user,91.197.232.109
2018-03-28 18:16:56,ip-10-77-20-248,user,123.115.51.110
2018-03-28 20:21:08,ip-10-77-20-248,dale,85.245.107.41
2018-03-28 22:36:11,ip-10-77-20-248,noc,182.32.215.94
2018-03-29 10:42:45,ip-10-77-20-248,elastic_user_7,127.0.0.1
2018-03-29 11:35:20,ip-10-77-20-248,elastic_user_2,85.245.107.41
2018-03-29 11:36:51,ip-10-77-20-248,elastic_user_8,85.245.107.41
2018-03-29 11:37:37,ip-10-77-20-248,elastic_user_5,85.245.107.41
2018-03-29 11:37:50,ip-10-77-20-248,elastic_user_8,85.245.107.41
2018-03-29 13:07:15,ip-10-77-20-248,elastic_user_0,85.245.107.41
2018-03-29 13:41:15,ip-10-77-20-248,elastic_user_2,85.245.107.41
2018-03-29 14:15:38,ip-10-77-20-248,pi,181.25.206.27
2018-03-29 14:15:41,ip-10-77-20-248,pi,181.25.206.27
2018-03-29 14:15:43,ip-10-77-20-248,pi,181.25.206.27
2018-03-29 14:15:44,ip-10-77-20-248,pi,181.25.206.27
2018-03-29 14:15:47,ip-10-77-20-248,pi,181.25.206.27
2018-03-29 14:15:50,ip-10-77-20-248,pi,181.25.206.27
2018-03-29 14:15:52,ip-10-77-20-248,pi,181.25.206.27
2018-03-29 14:16:10,ip-10-77-20-248,cloud,181.25.206.27
2018-03-29 14:16:12,ip-10-77-20-248,cloud,181.25.206.27
2018-03-29 14:16:14,ip-10-77-20-248,cloud,181.25.206.27
2018-03-29 14:16:16,ip-10-77-20-248,cloud,181.25.206.27
2018-03-29 14:16:19,ip-10-77-20-248,cloud,181.25.206.27
2018-03-29 14:16:21,ip-10-77-20-248,cloud,181.25.206.27
2018-03-29 14:16:23,ip-10-77-20-248,cloud,181.25.206.27
2018-03-29 14:43:05,ip-10-77-20-248,elastic_user_2,85.245.107.41
2018-03-29 14:43:05,ip-10-77-20-248,elastic_user_2,85.245.107.41
2018-03-29 17:33:17,ip-10-77-20-248,elastic_user_6,85.245.107.41
2018-03-29 17:48:33,ip-10-77-20-248,elastic_user_3,24.151.103.17
2018-03-29 17:48:33,ip-10-77-20-248,elastic_user_3,24.151.103.17
2018-03-29 19:30:18,ip-10-77-20-248,elastic_user_4,24.151.103.17
2018-03-29 23:18:21,ip-10-77-20-248,root,218.60.136.106
2018-03-30 02:06:41,ip-10-77-20-248,root,106.57.58.19
2018-03-30 03:08:11,ip-10-77-20-248,root,181.23.168.176
2018-03-30 10:57:23,ip-10-77-20-248,elastic_user_3,85.245.107.41
2018-03-30 11:43:15,ip-10-77-20-248,root,151.241.67.217
2018-03-30 13:15:45,ip-10-77-20-248,elastic_user_5,24.151.103.17
2018-03-30 13:15:45,ip-10-77-20-248,elastic_user_5,24.151.103.17
2018-03-30 13:29:34,ip-10-77-20-248,elastic_user_8,24.151.103.17
2018-03-30 13:29:34,ip-10-77-20-248,elastic_user_8,24.151.103.17
2018-03-30 13:40:12,ip-10-77-20-248,elastic_user_7,24.151.103.17
2018-03-30 13:40:12,ip-10-77-20-248,elastic_user_7,24.151.103.17
2018-03-30 14:05:21,ip-10-77-20-248,elastic_user_6,24.151.103.17
2018-03-30 15:29:17,ip-10-77-20-248,elastic_user_8,85.245.107.41
2018-03-30 15:29:20,ip-10-77-20-248,elastic_user_8,85.245.107.41
2018-03-30 15:54:19,ip-10-77-20-248,elastic_user_0,24.151.103.17
2018-03-30 15:54:22,ip-10-77-20-248,elastic_user_0,24.151.103.17
2018-03-30 15:54:25,ip-10-77-20-248,elastic_user_0,24.151.103.17
2018-03-30 15:54:28,ip-10-77-20-248,elastic_user_0,24.151.103.17
2018-03-30 15:54:31,ip-10-77-20-248,elastic_user_0,24.151.103.17
2018-03-30 15:54:34,ip-10-77-20-248,elastic_user_0,24.151.103.17
2018-03-30 15:54:37,ip-10-77-20-248,elastic_user_0,24.151.103.17
2018-03-30 15:54:40,ip-10-77-20-248,elastic_user_0,24.151.103.17
2018-03-30 15:54:43,ip-10-77-20-248,elastic_user_0,24.151.103.17
2018-03-30 15:54:46,ip-10-77-20-248,elastic_user_0,24.151.103.17
2018-03-30 15:54:49,ip-10-77-20-248,elastic_user_0,24.151.103.17
2018-03-30 15:54:52,ip-10-77-20-248,elastic_user_0,24.151.103.17
2018-03-30 15:54:55,ip-10-77-20-248,elastic_user_0,24.151.103.17
2018-03-30 15:54:58,ip-10-77-20-248,elastic_user_0,24.151.103.17
2018-03-30 15:55:01,ip-10-77-20-248,elastic_user_0,24.151.103.17
2018-03-30 15:55:05,ip-10-77-20-248,elastic_user_0,24.151.103.17
2018-03-30 15:55:07,ip-10-77-20-248,elastic_user_0,24.151.103.17
2018-03-30 15:55:10,ip-10-77-20-248,elastic_user_0,24.151.103.17
2018-03-30 15:55:13,ip-10-77-20-248,elastic_user_0,24.151.103.17
2018-03-30 15:55:17,ip-10-77-20-248,elastic_user_0,24.151.103.17
2018-03-30 15:55:20,ip-10-77-20-248,elastic_user_0,24.151.103.17
2018-03-30 15:55:23,ip-10-77-20-248,elastic_user_0,24.151.103.17
2018-03-30 15:55:26,ip-10-77-20-248,elastic_user_0,24.151.103.17
2018-03-30 15:55:29,ip-10-77-20-248,elastic_user_0,24.151.103.17
2018-03-30 15:55:32,ip-10-77-20-248,elastic_user_0,24.151.103.17
2018-03-30 15:55:35,ip-10-77-20-248,elastic_user_0,24.151.103.17
2018-03-30 15:55:38,ip-10-77-20-248,elastic_user_0,24.151.103.17
2018-03-30 15:55:41,ip-10-77-20-248,elastic_user_0,24.151.103.17
2018-03-30 15:55:44,ip-10-77-20-248,elastic_user_0,24.151.103.17
2018-03-30 15:55:47,ip-10-77-20-248,elastic_user_0,24.151.103.17
2018-03-30 15:55:51,ip-10-77-20-248,elastic_user_0,24.151.103.17
2018-03-30 15:55:54,ip-10-77-20-248,elastic_user_0,24.151.103.17
2018-03-30 15:55:57,ip-10-77-20-248,elastic_user_0,24.151.103.17
2018-03-30 15:56:01,ip-10-77-20-248,elastic_user_0,24.151.103.17
2018-03-30 15:56:04,ip-10-77-20-248,elastic_user_0,24.151.103.17
2018-03-30 15:56:06,ip-10-77-20-248,elastic_user_0,24.151.103.17
2018-03-30 15:56:09,ip-10-77-20-248,elastic_user_0,24.151.103.17
2018-03-30 15:56:13,ip-10-77-20-248,elastic_user_0,24.151.103.17
2018-03-30 15:56:16,ip-10-77-20-248,elastic_user_0,24.151.103.17
2018-03-30 15:56:18,ip-10-77-20-248,elastic_user_0,24.151.103.17
2018-03-30 15:56:21,ip-10-77-20-248,elastic_user_0,24.151.103.17
2018-03-30 15:56:25,ip-10-77-20-248,elastic_user_0,24.151.103.17
2018-03-30 15:56:27,ip-10-77-20-248,elastic_user_0,24.151.103.17
2018-03-30 15:56:30,ip-10-77-20-248,elastic_user_0,24.151.103.17
2018-03-30 15:56:33,ip-10-77-20-248,elastic_user_0,24.151.103.17
2018-03-30 15:56:36,ip-10-77-20-248,elastic_user_0,24.151.103.17
2018-03-30 15:56:39,ip-10-77-20-248,elastic_user_0,24.151.103.17
2018-03-30 15:56:42,ip-10-77-20-248,elastic_user_0,24.151.103.17
2018-03-30 15:56:45,ip-10-77-20-248,elastic_user_0,24.151.103.17
2018-03-30 15:56:48,ip-10-77-20-248,elastic_user_0,24.151.103.17
2018-03-30 15:56:51,ip-10-77-20-248,elastic_user_0,24.151.103.17
2018-03-30 15:56:54,ip-10-77-20-248,elastic_user_0,24.151.103.17
2018-03-30 15:56:57,ip-10-77-20-248,elastic_user_0,24.151.103.17
2018-03-30 15:57:01,ip-10-77-20-248,elastic_user_0,24.151.103.17
2018-03-30 15:57:04,ip-10-77-20-248,elastic_user_0,24.151.103.17
2018-03-30 15:57:07,ip-10-77-20-248,elastic_user_0,24.151.103.17
2018-03-30 15:57:10,ip-10-77-20-248,elastic_user_0,24.151.103.17
2018-03-30 15:57:12,ip-10-77-20-248,elastic_user_0,24.151.103.17
2018-03-30 15:57:15,ip-10-77-20-248,elastic_user_0,24.151.103.17
2018-03-30 15:57:18,ip-10-77-20-248,elastic_user_0,24.151.103.17
2018-03-30 15:57:21,ip-10-77-20-248,elastic_user_0,24.151.103.17
2018-03-30 15:57:25,ip-10-77-20-248,elastic_user_0,24.151.103.17
2018-03-30 15:57:27,ip-10-77-20-248,elastic_user_0,24.151.103.17
2018-03-30 15:57:31,ip-10-77-20-248,elastic_user_0,24.151.103.17
2018-03-30 15:57:34,ip-10-77-20-248,elastic_user_0,24.151.103.17
2018-03-30 15:57:36,ip-10-77-20-248,elastic_user_0,24.151.103.17
2018-03-30 15:57:39,ip-10-77-20-248,elastic_user_0,24.151.103.17
2018-03-30 15:57:43,ip-10-77-20-248,elastic_user_0,24.151.103.17
2018-03-30 15:57:45,ip-10-77-20-248,elastic_user_0,24.151.103.17
2018-03-30 15:57:48,ip-10-77-20-248,elastic_user_0,24.151.103.17
2018-03-30 15:57:51,ip-10-77-20-248,elastic_user_0,24.151.103.17
2018-03-30 15:57:55,ip-10-77-20-248,elastic_user_0,24.151.103.17
2018-03-30 15:57:58,ip-10-77-20-248,elastic_user_0,24.151.103.17
2018-03-30 15:58:00,ip-10-77-20-248,elastic_user_0,24.151.103.17
2018-03-30 15:58:03,ip-10-77-20-248,elastic_user_0,24.151.103.17
2018-03-30 15:58:07,ip-10-77-20-248,elastic_user_0,24.151.103.17
2018-03-30 15:58:10,ip-10-77-20-248,elastic_user_0,24.151.103.17
2018-03-30 15:58:13,ip-10-77-20-248,elastic_user_0,24.151.103.17
2018-03-30 15:58:15,ip-10-77-20-248,elastic_user_0,24.151.103.17
2018-03-30 15:58:19,ip-10-77-20-248,elastic_user_0,24.151.103.17
2018-03-30 15:58:22,ip-10-77-20-248,elastic_user_0,24.151.103.17
2018-03-30 15:58:24,ip-10-77-20-248,elastic_user_0,24.151.103.17
2018-03-30 15:58:27,ip-10-77-20-248,elastic_user_0,24.151.103.17
2018-03-30 15:58:30,ip-10-77-20-248,elastic_user_0,24.151.103.17
2018-03-30 15:58:33,ip-10-77-20-248,elastic_user_0,24.151.103.17
2018-03-30 15:58:36,ip-10-77-20-248,elastic_user_0,24.151.103.17
2018-03-30 15:58:39,ip-10-77-20-248,elastic_user_0,24.151.103.17
2018-03-30 15:58:42,ip-10-77-20-248,elastic_user_0,24.151.103.17
2018-03-30 15:58:44,ip-10-77-20-248,elastic_user_0,24.151.103.17
2018-03-30 15:58:47,ip-10-77-20-248,elastic_user_0,24.151.103.17
2018-03-30 15:58:50,ip-10-77-20-248,elastic_user_0,24.151.103.17
2018-03-30 15:58:53,ip-10-77-20-248,elastic_user_0,24.151.103.17
2018-03-30 15:58:55,ip-10-77-20-248,elastic_user_0,24.151.103.17
2018-03-30 15:58:58,ip-10-77-20-248,elastic_user_0,24.151.103.17
2018-03-30 15:59:00,ip-10-77-20-248,elastic_user_0,24.151.103.17
2018-03-30 15:59:03,ip-10-77-20-248,elastic_user_0,24.151.103.17
2018-03-30 15:59:06,ip-10-77-20-248,elastic_user_0,24.151.103.17
2018-03-30 15:59:09,ip-10-77-20-248,elastic_user_0,24.151.103.17
2018-03-30 15:59:12,ip-10-77-20-248,elastic_user_0,24.151.103.17
2018-03-30 15:59:15,ip-10-77-20-248,elastic_user_0,24.151.103.17
2018-03-30 15:59:18,ip-10-77-20-248,elastic_user_0,24.151.103.17
2018-03-30 15:59:20,ip-10-77-20-248,elastic_user_0,24.151.103.17
2018-03-30 15:59:23,ip-10-77-20-248,elastic_user_0,24.151.103.17
2018-03-30 15:59:27,ip-10-77-20-248,elastic_user_0,24.151.103.17
2018-03-30 15:59:30,ip-10-77-20-248,elastic_user_0,24.151.103.17
2018-03-30 15:59:32,ip-10-77-20-248,elastic_user_0,24.151.103.17
2018-03-30 15:59:35,ip-10-77-20-248,elastic_user_0,24.151.103.17
2018-03-30 15:59:39,ip-10-77-20-248,elastic_user_0,24.151.103.17
2018-03-30 15:59:41,ip-10-77-20-248,elastic_user_0,24.151.103.17
2018-03-30 15:59:44,ip-10-77-20-248,elastic_user_0,24.151.103.17
2018-03-30 15:59:47,ip-10-77-20-248,elastic_user_0,24.151.103.17
2018-03-30 15:59:50,ip-10-77-20-248,elastic_user_0,24.151.103.17
2018-03-30 15:59:53,ip-10-77-20-248,elastic_user_0,24.151.103.17
2018-03-30 15:59:56,ip-10-77-20-248,elastic_user_0,24.151.103.17
2018-03-30 15:59:59,ip-10-77-20-248,elastic_user_0,24.151.103.17
2018-03-30 16:00:01,ip-10-77-20-248,elastic_user_0,24.151.103.17
2018-03-30 16:00:04,ip-10-77-20-248,elastic_user_0,24.151.103.17
2018-03-30 16:00:07,ip-10-77-20-248,elastic_user_0,24.151.103.17
2018-03-30 16:00:10,ip-10-77-20-248,elastic_user_0,24.151.103.17
2018-03-30 16:00:14,ip-10-77-20-248,elastic_user_0,24.151.103.17
2018-03-30 16:00:17,ip-10-77-20-248,elastic_user_0,24.151.103.17
2018-03-30 16:00:21,ip-10-77-20-248,elastic_user_0,24.151.103.17
2018-03-30 16:00:23,ip-10-77-20-248,elastic_user_0,24.151.103.17
2018-03-30 16:00:26,ip-10-77-20-248,elastic_user_0,24.151.103.17
2018-03-30 16:00:29,ip-10-77-20-248,elastic_user_0,24.151.103.17
2018-03-30 16:00:32,ip-10-77-20-248,elastic_user_0,24.151.103.17
2018-03-30 16:00:35,ip-10-77-20-248,elastic_user_0,24.151.103.17
2018-03-30 16:00:38,ip-10-77-20-248,elastic_user_0,24.151.103.17
2018-03-30 16:00:41,ip-10-77-20-248,elastic_user_0,24.151.103.17
2018-03-30 16:00:44,ip-10-77-20-248,elastic_user_0,24.151.103.17
2018-03-30 16:00:47,ip-10-77-20-248,elastic_user_0,24.151.103.17
2018-03-30 16:00:50,ip-10-77-20-248,elastic_user_0,24.151.103.17
2018-03-30 16:00:53,ip-10-77-20-248,elastic_user_0,24.151.103.17
2018-03-30 16:00:56,ip-10-77-20-248,elastic_user_0,24.151.103.17
2018-03-30 16:00:59,ip-10-77-20-248,elastic_user_0,24.151.103.17
2018-03-30 16:01:02,ip-10-77-20-248,elastic_user_0,24.151.103.17
2018-03-30 16:01:05,ip-10-77-20-248,elastic_user_0,24.151.103.17
2018-03-30 16:01:08,ip-10-77-20-248,elastic_user_0,24.151.103.17
2018-03-30 16:01:11,ip-10-77-20-248,elastic_user_0,24.151.103.17
2018-03-30 16:01:14,ip-10-77-20-248,elastic_user_0,24.151.103.17
2018-03-30 16:01:17,ip-10-77-20-248,elastic_user_0,24.151.103.17
2018-03-30 16:01:20,ip-10-77-20-248,elastic_user_0,24.151.103.17
2018-03-30 16:01:23,ip-10-77-20-248,elastic_user_0,24.151.103.17
2018-03-30 16:01:26,ip-10-77-20-248,elastic_user_0,24.151.103.17
2018-03-30 16:01:29,ip-10-77-20-248,elastic_user_0,24.151.103.17
2018-03-30 16:01:32,ip-10-77-20-248,elastic_user_0,24.151.103.17
2018-03-30 16:01:35,ip-10-77-20-248,elastic_user_0,24.151.103.17
2018-03-30 21:54:04,ip-10-77-20-248,root,181.25.201.155
2018-03-30 21:54:16,ip-10-77-20-248,openerp,181.25.201.155
2018-03-30 21:54:18,ip-10-77-20-248,openerp,181.25.201.155
2018-03-30 21:54:20,ip-10-77-20-248,openerp,181.25.201.155
2018-03-30 21:54:22,ip-10-77-20-248,openerp,181.25.201.155
2018-03-30 21:54:24,ip-10-77-20-248,openerp,181.25.201.155
2018-03-30 21:54:27,ip-10-77-20-248,openerp,181.25.201.155
2018-03-30 21:54:28,ip-10-77-20-248,openerp,181.25.201.155
2018-03-30 22:00:40,ip-10-77-20-248,root,111.40.168.90
2018-03-31 01:35:14,ip-10-77-20-248,admin,122.189.198.238
2018-03-31 01:35:16,ip-10-77-20-248,admin,122.189.198.238
2018-03-31 01:35:18,ip-10-77-20-248,admin,122.189.198.238
2018-03-31 01:35:21,ip-10-77-20-248,admin,122.189.198.238
2018-03-31 01:35:23,ip-10-77-20-248,admin,122.189.198.238
2018-03-31 01:35:26,ip-10-77-20-248,admin,122.189.198.238
2018-03-31 01:35:28,ip-10-77-20-248,admin,122.189.198.238
2018-03-31 01:52:28,ip-10-77-20-248,elastic_user_9,85.245.107.41
2018-03-31 05:59:29,ip-10-77-20-248,elastic_user_5,85.245.107.41
2018-03-31 06:34:36,ip-10-77-20-248,pruebas,60.187.118.40
2018-03-31 06:34:38,ip-10-77-20-248,pruebas,60.187.118.40
2018-03-31 06:34:40,ip-10-77-20-248,pruebas,60.187.118.40
2018-03-31 06:34:43,ip-10-77-20-248,pruebas,60.187.118.40
2018-03-31 06:34:45,ip-10-77-20-248,pruebas,60.187.118.40
2018-03-31 06:34:47,ip-10-77-20-248,pruebas,60.187.118.40
2018-03-31 06:34:49,ip-10-77-20-248,pruebas,60.187.118.40
2018-03-31 07:05:46,ip-10-77-20-248,elastic_user_1,85.245.107.41
2018-03-31 10:36:16,ip-10-77-20-248,root,122.191.89.89
2018-03-31 11:06:37,ip-10-77-20-248,ajay,42.184.142.151
2018-03-31 11:06:39,ip-10-77-20-248,ajay,42.184.142.151
2018-03-31 11:06:41,ip-10-77-20-248,ajay,42.184.142.151
2018-03-31 11:06:43,ip-10-77-20-248,ajay,42.184.142.151
2018-03-31 11:06:45,ip-10-77-20-248,ajay,42.184.142.151
2018-03-31 11:06:48,ip-10-77-20-248,ajay,42.184.142.151
2018-03-31 11:06:50,ip-10-77-20-248,ajay,42.184.142.151
2018-03-31 14:15:38,ip-10-77-20-248,pi,82.64.2.59
2018-03-31 14:15:40,ip-10-77-20-248,pi,82.64.2.59
2018-03-31 14:15:42,ip-10-77-20-248,pi,82.64.2.59
2018-03-31 14:15:44,ip-10-77-20-248,pi,82.64.2.59
2018-03-31 14:15:46,ip-10-77-20-248,pi,82.64.2.59
2018-03-31 14:15:48,ip-10-77-20-248,pi,82.64.2.59
2018-03-31 14:15:50,ip-10-77-20-248,pi,82.64.2.59
2018-03-31 22:57:30,ip-10-77-20-248,pi,114.32.100.101
2018-03-31 22:57:33,ip-10-77-20-248,pi,114.32.100.101
2018-03-31 22:57:35,ip-10-77-20-248,pi,114.32.100.101
2018-03-31 22:57:37,ip-10-77-20-248,pi,114.32.100.101
2018-03-31 22:57:39,ip-10-77-20-248,pi,114.32.100.101
2018-03-31 22:57:41,ip-10-77-20-248,pi,114.32.100.101
2018-03-31 22:57:44,ip-10-77-20-248,pi,114.32.100.101
2018-04-01 05:46:42,ip-10-77-20-248,root,122.244.28.82
2018-04-01 18:08:15,ip-10-77-20-248,admin,123.153.146.183
2018-04-01 18:08:16,ip-10-77-20-248,admin,123.153.146.183
2018-04-01 18:08:19,ip-10-77-20-248,admin,123.153.146.183
2018-04-01 18:08:21,ip-10-77-20-248,admin,123.153.146.183
2018-04-01 18:08:23,ip-10-77-20-248,admin,123.153.146.183
2018-04-01 18:08:25,ip-10-77-20-248,admin,123.153.146.183
2018-04-01 18:08:27,ip-10-77-20-248,admin,123.153.146.183
2018-04-01 18:22:14,ip-10-77-20-248,test,181.26.186.35
2018-04-01 18:22:15,ip-10-77-20-248,guest,181.26.186.35
2018-04-01 18:22:17,ip-10-77-20-248,test,181.26.186.35
2018-04-01 18:22:17,ip-10-77-20-248,guest,181.26.186.35
2018-04-01 18:22:17,ip-10-77-20-248,test,181.26.186.35
2018-04-01 18:22:19,ip-10-77-20-248,test,181.26.186.35
2018-04-01 18:22:19,ip-10-77-20-248,guest,181.26.186.35
2018-04-01 18:22:19,ip-10-77-20-248,test,181.26.186.35
2018-04-01 18:22:21,ip-10-77-20-248,test,181.26.186.35
2018-04-01 18:22:21,ip-10-77-20-248,guest,181.26.186.35
2018-04-01 18:22:21,ip-10-77-20-248,test,181.26.186.35
2018-04-01 18:22:21,ip-10-77-20-248,monitor,181.26.186.35
2018-04-01 18:22:23,ip-10-77-20-248,monitor,181.26.186.35
2018-04-01 18:22:23,ip-10-77-20-248,test,181.26.186.35
2018-04-01 18:22:23,ip-10-77-20-248,guest,181.26.186.35
2018-04-01 18:22:23,ip-10-77-20-248,test,181.26.186.35
2018-04-01 18:22:25,ip-10-77-20-248,monitor,181.26.186.35
2018-04-01 18:22:25,ip-10-77-20-248,test,181.26.186.35
2018-04-01 18:22:25,ip-10-77-20-248,guest,181.26.186.35
2018-04-01 18:22:25,ip-10-77-20-248,test,181.26.186.35
2018-04-01 18:22:28,ip-10-77-20-248,monitor,181.26.186.35
2018-04-01 18:22:28,ip-10-77-20-248,guest,181.26.186.35
2018-04-01 18:22:28,ip-10-77-20-248,test,181.26.186.35
2018-04-01 18:22:28,ip-10-77-20-248,test,181.26.186.35
2018-04-01 18:22:30,ip-10-77-20-248,monitor,181.26.186.35
2018-04-01 18:22:30,ip-10-77-20-248,test,181.26.186.35
2018-04-01 18:22:32,ip-10-77-20-248,root,181.26.186.35
2018-04-01 18:22:32,ip-10-77-20-248,monitor,181.26.186.35
2018-04-01 18:22:34,ip-10-77-20-248,monitor,181.26.186.35
2018-04-01 18:22:35,ip-10-77-20-248,root,181.26.186.35
2018-04-01 20:38:34,ip-10-77-20-248,johnny,183.152.79.79
2018-04-01 20:38:36,ip-10-77-20-248,johnny,183.152.79.79
2018-04-01 20:38:39,ip-10-77-20-248,johnny,183.152.79.79
2018-04-01 20:38:42,ip-10-77-20-248,johnny,183.152.79.79
2018-04-01 20:38:44,ip-10-77-20-248,johnny,183.152.79.79
2018-04-01 20:38:47,ip-10-77-20-248,johnny,183.152.79.79
2018-04-01 20:38:49,ip-10-77-20-248,johnny,183.152.79.79
2018-04-01 21:27:48,ip-10-77-20-248,admin,1.30.211.144
2018-04-01 21:27:51,ip-10-77-20-248,admin,1.30.211.144
2018-04-01 21:27:53,ip-10-77-20-248,admin,1.30.211.144
2018-04-01 21:27:55,ip-10-77-20-248,admin,1.30.211.144
2018-04-01 21:27:57,ip-10-77-20-248,admin,1.30.211.144
2018-04-01 21:28:00,ip-10-77-20-248,admin,1.30.211.144
2018-04-01 21:28:02,ip-10-77-20-248,admin,1.30.211.144
2018-04-01 22:52:10,ip-10-77-20-248,root,5.167.75.191
2018-04-02 17:03:43,ip-10-77-20-248,default,93.120.176.237
2018-04-02 17:03:45,ip-10-77-20-248,default,93.120.176.237
2018-04-02 17:03:47,ip-10-77-20-248,default,93.120.176.237
2018-04-02 17:03:48,ip-10-77-20-248,default,93.120.176.237
2018-04-02 17:03:50,ip-10-77-20-248,default,93.120.176.237
2018-04-02 17:03:52,ip-10-77-20-248,default,93.120.176.237
2018-04-02 17:03:54,ip-10-77-20-248,default,93.120.176.237
2018-04-02 19:51:55,ip-10-77-20-248,admin,78.106.21.86
2018-04-02 19:51:57,ip-10-77-20-248,admin,78.106.21.86
2018-04-02 19:51:59,ip-10-77-20-248,admin,78.106.21.86
2018-04-02 19:52:01,ip-10-77-20-248,admin,78.106.21.86
2018-04-02 19:52:04,ip-10-77-20-248,admin,78.106.21.86
2018-04-02 19:52:05,ip-10-77-20-248,admin,78.106.21.86
2018-04-02 19:52:08,ip-10-77-20-248,admin,78.106.21.86
2018-04-03 14:51:35,ip-10-77-20-248,admin,112.251.168.248
2018-04-03 14:51:37,ip-10-77-20-248,admin,112.251.168.248
2018-04-03 14:51:39,ip-10-77-20-248,admin,112.251.168.248
2018-04-03 14:51:42,ip-10-77-20-248,admin,112.251.168.248
2018-04-03 14:51:44,ip-10-77-20-248,admin,112.251.168.248
2018-04-03 14:51:46,ip-10-77-20-248,admin,112.251.168.248
2018-04-03 14:51:49,ip-10-77-20-248,admin,112.251.168.248
2018-04-03 22:52:27,ip-10-77-20-248,ubnt,119.193.140.176
2018-04-03 22:52:29,ip-10-77-20-248,ubnt,119.193.140.176
2018-04-03 22:52:31,ip-10-77-20-248,ubnt,119.193.140.176
2018-04-03 22:52:34,ip-10-77-20-248,ubnt,119.193.140.176
2018-04-03 22:52:36,ip-10-77-20-248,ubnt,119.193.140.176
2018-04-03 22:52:38,ip-10-77-20-248,ubnt,119.193.140.176
2018-04-03 22:52:40,ip-10-77-20-248,ubnt,119.193.140.176
2018-04-03 22:53:12,ip-10-77-20-248,ems,58.19.144.50
2018-04-03 22:53:15,ip-10-77-20-248,ems,58.19.144.50
2018-04-03 22:53:16,ip-10-77-20-248,ems,58.19.144.50
2018-04-03 22:53:20,ip-10-77-20-248,ems,58.19.144.50
2018-04-03 22:53:23,ip-10-77-20-248,ems,58.19.144.50
2018-04-03 22:53:26,ip-10-77-20-248,ems,58.19.144.50
2018-04-03 22:53:28,ip-10-77-20-248,ems,58.19.144.50
2018-04-04 01:13:31,ip-10-77-20-248,root,122.112.235.133
2018-04-04 03:50:45,ip-10-77-20-248,bin,122.189.193.214
2018-04-05 07:11:17,ip-10-77-20-248,root,49.4.143.105
2018-04-05 07:12:00,ip-10-77-20-248,root,49.4.143.105
2018-04-05 07:14:03,ip-10-77-20-248,root,49.4.143.105
2018-04-05 07:14:45,ip-10-77-20-248,root,49.4.143.105
2018-04-05 07:15:02,ip-10-77-20-248,root,49.4.143.105
2018-04-05 07:15:21,ip-10-77-20-248,root,49.4.143.105
2018-04-05 07:15:51,ip-10-77-20-248,root,49.4.143.105
2018-04-05 07:17:40,ip-10-77-20-248,root,49.4.143.105
2018-04-05 07:18:11,ip-10-77-20-248,root,49.4.143.105
2018-04-05 07:20:05,ip-10-77-20-248,root,49.4.143.105
2018-04-05 07:20:35,ip-10-77-20-248,root,49.4.143.105
2018-04-05 07:20:57,ip-10-77-20-248,root,49.4.143.105
2018-04-05 07:22:30,ip-10-77-20-248,root,49.4.143.105
2018-04-05 07:23:27,ip-10-77-20-248,root,49.4.143.105
2018-04-05 07:23:55,ip-10-77-20-248,root,49.4.143.105
2018-04-05 07:25:03,ip-10-77-20-248,root,49.4.143.105
2018-04-05 07:25:18,ip-10-77-20-248,root,49.4.143.105
2018-04-05 07:26:24,ip-10-77-20-248,root,49.4.143.105
2018-04-05 07:27:34,ip-10-77-20-248,root,49.4.143.105
2018-04-05 07:27:49,ip-10-77-20-248,root,49.4.143.105
2018-04-05 07:45:25,ip-10-77-20-248,webconfig,61.166.73.66
2018-04-05 07:45:27,ip-10-77-20-248,webconfig,61.166.73.66
2018-04-05 07:45:29,ip-10-77-20-248,webconfig,61.166.73.66
2018-04-05 07:45:31,ip-10-77-20-248,webconfig,61.166.73.66
2018-04-05 07:45:34,ip-10-77-20-248,webconfig,61.166.73.66
2018-04-05 07:45:36,ip-10-77-20-248,webconfig,61.166.73.66
2018-04-05 07:45:38,ip-10-77-20-248,webconfig,61.166.73.66
2018-04-05 15:03:36,ip-10-77-20-248,root,122.191.88.115
2018-04-05 21:33:35,ip-10-77-20-248,root,186.130.83.53
2018-04-05 23:52:41,ip-10-77-20-248,cubrid,123.96.5.168
2018-04-05 23:52:43,ip-10-77-20-248,cubrid,123.96.5.168
2018-04-05 23:52:45,ip-10-77-20-248,cubrid,123.96.5.168
2018-04-05 23:52:47,ip-10-77-20-248,cubrid,123.96.5.168
2018-04-05 23:52:49,ip-10-77-20-248,cubrid,123.96.5.168
2018-04-05 23:52:51,ip-10-77-20-248,cubrid,123.96.5.168
2018-04-05 23:52:53,ip-10-77-20-248,cubrid,123.96.5.168
2018-04-06 02:28:24,ip-10-77-20-248,admin,111.40.30.206
2018-04-06 02:28:25,ip-10-77-20-248,admin,111.40.30.206
2018-04-06 02:28:27,ip-10-77-20-248,admin,111.40.30.206
2018-04-06 02:28:30,ip-10-77-20-248,admin,111.40.30.206
2018-04-06 02:28:32,ip-10-77-20-248,admin,111.40.30.206
2018-04-06 02:28:35,ip-10-77-20-248,admin,111.40.30.206
2018-04-06 02:28:37,ip-10-77-20-248,admin,111.40.30.206
2018-04-06 13:35:10,ip-10-77-20-248,root,188.18.252.218
2018-04-06 14:19:16,ip-10-77-20-248,pi,125.107.136.165
2018-04-06 14:19:18,ip-10-77-20-248,pi,125.107.136.165
2018-04-06 14:19:20,ip-10-77-20-248,pi,125.107.136.165
2018-04-06 14:19:22,ip-10-77-20-248,pi,125.107.136.165
2018-04-06 14:19:25,ip-10-77-20-248,pi,125.107.136.165
2018-04-06 14:19:27,ip-10-77-20-248,pi,125.107.136.165
2018-04-06 14:19:29,ip-10-77-20-248,pi,125.107.136.165
2018-04-06 15:56:53,ip-10-77-20-248,root,190.107.182.33
2018-04-06 16:37:21,ip-10-77-20-248,root,112.101.164.200
2018-04-06 20:48:25,ip-10-77-20-248,,34.204.227.175
2018-04-06 20:48:27,ip-10-77-20-248,,34.204.227.175
2018-04-06 20:48:29,ip-10-77-20-248,,34.204.227.175
2018-04-06 20:48:34,ip-10-77-20-248,,34.204.227.175
2018-04-06 20:48:38,ip-10-77-20-248,,34.204.227.175
2018-04-06 20:48:40,ip-10-77-20-248,,34.204.227.175
2018-04-06 20:48:42,ip-10-77-20-248,,34.204.227.175
2018-04-06 20:48:45,ip-10-77-20-248,,34.204.227.175
2018-04-06 20:48:46,ip-10-77-20-248,,34.204.227.175
2018-04-06 20:48:48,ip-10-77-20-248,,34.204.227.175
2018-04-06 20:48:51,ip-10-77-20-248,,34.204.227.175
2018-04-06 20:48:53,ip-10-77-20-248,,34.204.227.175
2018-04-06 20:48:58,ip-10-77-20-248,,34.204.227.175
2018-04-06 20:49:01,ip-10-77-20-248,,34.204.227.175
2018-04-06 20:49:02,ip-10-77-20-248,,34.204.227.175
2018-04-06 20:49:04,ip-10-77-20-248,,34.204.227.175
2018-04-06 20:49:06,ip-10-77-20-248,,34.204.227.175
2018-04-06 20:49:08,ip-10-77-20-248,,34.204.227.175
2018-04-06 20:49:13,ip-10-77-20-248,,34.204.227.175
2018-04-06 20:49:15,ip-10-77-20-248,,34.204.227.175
2018-04-06 20:49:16,ip-10-77-20-248,,34.204.227.175
2018-04-06 20:49:18,ip-10-77-20-248,,34.204.227.175
2018-04-06 20:49:20,ip-10-77-20-248,,34.204.227.175
2018-04-06 20:49:22,ip-10-77-20-248,,34.204.227.175
2018-04-06 20:49:29,ip-10-77-20-248,,34.204.227.175
2018-04-06 20:49:31,ip-10-77-20-248,,34.204.227.175
2018-04-06 20:49:35,ip-10-77-20-248,,34.204.227.175
2018-04-06 20:49:38,ip-10-77-20-248,,34.204.227.175
2018-04-06 20:49:39,ip-10-77-20-248,,34.204.227.175
2018-04-06 20:49:41,ip-10-77-20-248,,34.204.227.175
2018-04-06 20:49:42,ip-10-77-20-248,,34.204.227.175
2018-04-06 20:49:44,ip-10-77-20-248,,34.204.227.175
2018-04-06 20:49:46,ip-10-77-20-248,,34.204.227.175
2018-04-06 20:49:48,ip-10-77-20-248,,34.204.227.175
2018-04-06 20:49:50,ip-10-77-20-248,,34.204.227.175
2018-04-06 20:49:51,ip-10-77-20-248,,34.204.227.175
2018-04-06 20:49:53,ip-10-77-20-248,,34.204.227.175
2018-04-06 20:49:55,ip-10-77-20-248,,34.204.227.175
2018-04-06 20:49:55,ip-10-77-20-248,,34.204.227.175
2018-04-06 20:49:58,ip-10-77-20-248,,34.204.227.175
2018-04-06 20:50:09,ip-10-77-20-248,,34.204.227.175
2018-04-06 20:50:12,ip-10-77-20-248,,34.204.227.175
2018-04-06 20:50:20,ip-10-77-20-248,,34.204.227.175
2018-04-06 20:50:22,ip-10-77-20-248,,34.204.227.175
2018-04-06 20:50:23,ip-10-77-20-248,,34.204.227.175
2018-04-06 20:50:24,ip-10-77-20-248,,34.204.227.175
2018-04-06 20:50:25,ip-10-77-20-248,,34.204.227.175
2018-04-06 20:50:27,ip-10-77-20-248,,34.204.227.175
2018-04-06 20:50:31,ip-10-77-20-248,,34.204.227.175
2018-04-06 20:50:33,ip-10-77-20-248,,34.204.227.175
2018-04-06 20:50:35,ip-10-77-20-248,,34.204.227.175
2018-04-06 20:50:37,ip-10-77-20-248,,34.204.227.175
2018-04-06 20:50:41,ip-10-77-20-248,,34.204.227.175
2018-04-06 20:50:44,ip-10-77-20-248,,34.204.227.175
2018-04-06 20:50:48,ip-10-77-20-248,,34.204.227.175
2018-04-06 20:50:49,ip-10-77-20-248,,34.204.227.175
2018-04-06 20:50:50,ip-10-77-20-248,,34.204.227.175
2018-04-06 20:50:53,ip-10-77-20-248,,34.204.227.175
2018-04-06 20:50:56,ip-10-77-20-248,,34.204.227.175
2018-04-06 20:50:58,ip-10-77-20-248,,34.204.227.175
2018-04-06 20:50:59,ip-10-77-20-248,,34.204.227.175
2018-04-06 20:51:01,ip-10-77-20-248,,34.204.227.175
2018-04-06 20:51:05,ip-10-77-20-248,,34.204.227.175
2018-04-06 20:51:08,ip-10-77-20-248,,34.204.227.175
2018-04-06 20:51:11,ip-10-77-20-248,,34.204.227.175
2018-04-06 20:51:13,ip-10-77-20-248,,34.204.227.175
2018-04-06 20:51:16,ip-10-77-20-248,,34.204.227.175
2018-04-06 20:51:18,ip-10-77-20-248,,34.204.227.175
2018-04-06 20:51:20,ip-10-77-20-248,,34.204.227.175
2018-04-06 20:51:24,ip-10-77-20-248,,34.204.227.175
2018-04-06 20:51:32,ip-10-77-20-248,,34.204.227.175
2018-04-06 20:51:35,ip-10-77-20-248,,34.204.227.175
2018-04-06 20:51:40,ip-10-77-20-248,,34.204.227.175
2018-04-06 20:51:42,ip-10-77-20-248,,34.204.227.175
2018-04-06 20:51:48,ip-10-77-20-248,,34.204.227.175
2018-04-06 20:51:50,ip-10-77-20-248,,34.204.227.175
2018-04-06 20:51:52,ip-10-77-20-248,,34.204.227.175
2018-04-06 20:51:54,ip-10-77-20-248,,34.204.227.175
2018-04-06 20:51:59,ip-10-77-20-248,,34.204.227.175
2018-04-06 20:52:02,ip-10-77-20-248,,34.204.227.175
2018-04-06 20:52:06,ip-10-77-20-248,,34.204.227.175
2018-04-06 20:52:08,ip-10-77-20-248,,34.204.227.175
2018-04-06 20:52:09,ip-10-77-20-248,,34.204.227.175
2018-04-06 20:52:11,ip-10-77-20-248,,34.204.227.175
2018-04-06 20:52:17,ip-10-77-20-248,,34.204.227.175
2018-04-06 20:52:19,ip-10-77-20-248,,34.204.227.175
2018-04-06 21:53:02,ip-10-77-20-248,admin,223.244.185.76
2018-04-06 21:53:03,ip-10-77-20-248,admin,223.244.185.76
2018-04-06 21:53:06,ip-10-77-20-248,admin,223.244.185.76
2018-04-06 21:53:09,ip-10-77-20-248,admin,223.244.185.76
2018-04-06 21:53:10,ip-10-77-20-248,admin,223.244.185.76
2018-04-06 21:53:12,ip-10-77-20-248,admin,223.244.185.76
2018-04-06 21:53:14,ip-10-77-20-248,admin,223.244.185.76
2018-04-06 22:59:10,ip-10-77-20-248,admin,182.243.87.6
2018-04-06 22:59:12,ip-10-77-20-248,admin,182.243.87.6
2018-04-06 22:59:15,ip-10-77-20-248,admin,182.243.87.6
2018-04-06 22:59:16,ip-10-77-20-248,admin,182.243.87.6
2018-04-06 22:59:19,ip-10-77-20-248,admin,182.243.87.6
2018-04-06 22:59:21,ip-10-77-20-248,admin,182.243.87.6
2018-04-06 22:59:24,ip-10-77-20-248,admin,182.243.87.6
2018-04-07 00:08:34,ip-10-77-20-248,root,91.243.236.123
2018-04-07 08:36:34,ip-10-77-20-248,root,49.4.143.5
2018-04-07 18:34:04,ip-10-77-20-248,root,222.89.76.13
2018-04-07 20:44:47,ip-10-77-20-248,root,191.81.42.216
2018-04-07 22:54:09,ip-10-77-20-248,root,183.93.215.158
2018-04-08 00:33:31,ip-10-77-20-248,admin,122.190.143.18
2018-04-08 00:33:33,ip-10-77-20-248,admin,122.190.143.18
2018-04-08 00:33:36,ip-10-77-20-248,admin,122.190.143.18
2018-04-08 00:33:38,ip-10-77-20-248,admin,122.190.143.18
2018-04-08 00:33:41,ip-10-77-20-248,admin,122.190.143.18
2018-04-08 00:33:43,ip-10-77-20-248,admin,122.190.143.18
2018-04-08 00:33:45,ip-10-77-20-248,admin,122.190.143.18
2018-04-08 18:21:09,ip-10-77-20-248,support,61.183.117.250
2018-04-08 18:21:11,ip-10-77-20-248,support,61.183.117.250
2018-04-08 18:21:13,ip-10-77-20-248,support,61.183.117.250
2018-04-08 18:21:16,ip-10-77-20-248,support,61.183.117.250
2018-04-08 18:21:18,ip-10-77-20-248,support,61.183.117.250
2018-04-08 18:21:20,ip-10-77-20-248,support,61.183.117.250
2018-04-08 18:21:22,ip-10-77-20-248,support,61.183.117.250
2018-04-08 18:58:28,ip-10-77-20-248,root,123.120.200.51
2018-04-09 00:35:55,ip-10-77-20-248,root,73.231.4.205
2018-04-09 03:17:12,ip-10-77-20-248,admin,110.78.174.75
2018-04-09 03:17:14,ip-10-77-20-248,admin,110.78.174.75
2018-04-09 03:17:16,ip-10-77-20-248,admin,110.78.174.75
2018-04-09 03:17:18,ip-10-77-20-248,admin,110.78.174.75
2018-04-09 03:17:20,ip-10-77-20-248,admin,110.78.174.75
2018-04-09 03:17:22,ip-10-77-20-248,admin,110.78.174.75
2018-04-09 03:17:25,ip-10-77-20-248,admin,110.78.174.75
2018-04-09 03:55:31,ip-10-77-20-248,root,49.4.143.181
2018-04-09 14:56:18,ip-10-77-20-248,root,186.128.141.232
2018-04-09 14:57:48,ip-10-77-20-248,admin,46.89.129.145
2018-04-09 14:57:49,ip-10-77-20-248,admin,46.89.129.145
2018-04-09 14:57:52,ip-10-77-20-248,admin,46.89.129.145
2018-04-09 14:57:54,ip-10-77-20-248,admin,46.89.129.145
2018-04-09 14:57:56,ip-10-77-20-248,admin,46.89.129.145
2018-04-09 14:57:58,ip-10-77-20-248,admin,46.89.129.145
2018-04-09 14:58:00,ip-10-77-20-248,admin,46.89.129.145
2018-04-09 15:08:53,ip-10-77-20-248,root,59.174.52.12
2018-04-09 16:50:55,ip-10-77-20-248,user1,103.230.120.26
2018-04-09 16:50:57,ip-10-77-20-248,user1,103.230.120.26
2018-04-09 16:50:59,ip-10-77-20-248,user1,103.230.120.26
2018-04-09 16:51:01,ip-10-77-20-248,user1,103.230.120.26
2018-04-09 16:51:03,ip-10-77-20-248,user1,103.230.120.26
2018-04-09 16:51:05,ip-10-77-20-248,user1,103.230.120.26
2018-04-09 16:51:07,ip-10-77-20-248,user1,103.230.120.26
2018-04-09 20:28:49,ip-10-77-20-248,root,122.189.197.241
2018-04-10 00:33:43,ip-10-77-20-248,root,123.119.111.172
2018-04-10 08:03:46,ip-10-77-20-248,root,123.164.142.82
2018-04-10 19:42:02,ip-10-77-20-248,admin,175.162.187.121
2018-04-10 19:42:04,ip-10-77-20-248,admin,175.162.187.121
2018-04-10 19:42:07,ip-10-77-20-248,admin,175.162.187.121
2018-04-10 19:42:09,ip-10-77-20-248,admin,175.162.187.121
2018-04-10 19:42:12,ip-10-77-20-248,admin,175.162.187.121
2018-04-10 19:42:14,ip-10-77-20-248,admin,175.162.187.121
2018-04-10 19:42:16,ip-10-77-20-248,admin,175.162.187.121
2018-04-10 22:43:25,ip-10-77-20-248,root,60.165.208.28
2018-04-11 06:07:47,ip-10-77-20-248,root,218.91.34.237
2018-04-11 06:13:35,ip-10-77-20-248,admin,49.84.87.84
2018-04-11 06:13:37,ip-10-77-20-248,admin,49.84.87.84
2018-04-11 06:13:39,ip-10-77-20-248,admin,49.84.87.84
2018-04-11 06:13:41,ip-10-77-20-248,admin,49.84.87.84
2018-04-11 06:13:44,ip-10-77-20-248,admin,49.84.87.84
2018-04-11 06:13:47,ip-10-77-20-248,admin,49.84.87.84
2018-04-11 06:13:49,ip-10-77-20-248,admin,49.84.87.84
2018-04-11 13:47:08,ip-10-77-20-248,root,222.187.86.51
2018-04-11 14:03:16,ip-10-77-20-248,root,77.231.252.103
2018-04-11 14:03:29,ip-10-77-20-248,root,77.231.252.103
2018-04-11 17:14:15,ip-10-77-20-248,root,95.190.198.34
2018-04-12 03:37:56,ip-10-77-20-248,root,94.154.25.149
2018-04-12 06:54:37,ip-10-77-20-248,ubnt,183.146.159.20
2018-04-12 06:54:39,ip-10-77-20-248,ubnt,183.146.159.20
2018-04-12 06:54:41,ip-10-77-20-248,ubnt,183.146.159.20
2018-04-12 06:54:44,ip-10-77-20-248,ubnt,183.146.159.20
2018-04-12 06:54:46,ip-10-77-20-248,ubnt,183.146.159.20
2018-04-12 06:54:49,ip-10-77-20-248,ubnt,183.146.159.20
2018-04-12 06:54:51,ip-10-77-20-248,ubnt,183.146.159.20
2018-04-12 11:49:34,ip-10-77-20-248,root,126.59.251.31
2018-04-13 01:55:42,ip-10-77-20-248,ubnt,222.186.56.220
2018-04-13 01:55:44,ip-10-77-20-248,ubnt,222.186.56.220
2018-04-13 01:55:46,ip-10-77-20-248,ubnt,222.186.56.220
2018-04-13 01:55:48,ip-10-77-20-248,ubnt,222.186.56.220
2018-04-13 01:55:50,ip-10-77-20-248,admin,222.186.56.220
2018-04-13 01:55:52,ip-10-77-20-248,admin,222.186.56.220
2018-04-13 01:55:54,ip-10-77-20-248,admin,222.186.56.220
2018-04-13 01:55:56,ip-10-77-20-248,admin,222.186.56.220
2018-04-13 01:56:00,ip-10-77-20-248,root,222.186.56.220
2018-04-13 02:54:52,ip-10-77-20-248,admin,183.93.253.159
2018-04-13 02:54:54,ip-10-77-20-248,admin,183.93.253.159
2018-04-13 02:54:57,ip-10-77-20-248,admin,183.93.253.159
2018-04-13 02:54:59,ip-10-77-20-248,admin,183.93.253.159
2018-04-13 02:55:01,ip-10-77-20-248,admin,183.93.253.159
2018-04-13 02:55:03,ip-10-77-20-248,admin,183.93.253.159
2018-04-13 02:55:06,ip-10-77-20-248,admin,183.93.253.159
2018-04-13 03:54:53,ip-10-77-20-248,root,219.82.145.223
2018-04-13 04:25:37,ip-10-77-20-248,root,122.163.61.218
2018-04-13 04:25:39,ip-10-77-20-248,root,122.163.61.218
2018-04-13 04:25:39,ip-10-77-20-248,root,122.163.61.218
2018-04-13 04:25:40,ip-10-77-20-248,root,122.163.61.218
2018-04-13 04:25:40,ip-10-77-20-248,root,122.163.61.218
2018-04-13 04:25:41,ip-10-77-20-248,ubnt,122.163.61.218
2018-04-13 04:25:42,ip-10-77-20-248,root,122.163.61.218
2018-04-13 04:25:42,ip-10-77-20-248,root,122.163.61.218
2018-04-13 04:25:43,ip-10-77-20-248,ubnt,122.163.61.218
2018-04-13 04:25:44,ip-10-77-20-248,root,122.163.61.218
2018-04-13 04:25:44,ip-10-77-20-248,root,122.163.61.218
2018-04-13 04:25:46,ip-10-77-20-248,ubnt,122.163.61.218
2018-04-13 04:25:46,ip-10-77-20-248,root,122.163.61.218
2018-04-13 04:25:46,ip-10-77-20-248,root,122.163.61.218
2018-04-13 04:25:47,ip-10-77-20-248,ubnt,122.163.61.218
2018-04-13 04:25:48,ip-10-77-20-248,root,122.163.61.218
2018-04-13 04:25:49,ip-10-77-20-248,admin,122.163.61.218
2018-04-13 04:25:49,ip-10-77-20-248,ubnt,122.163.61.218
2018-04-13 04:25:51,ip-10-77-20-248,admin,122.163.61.218
2018-04-13 04:25:51,ip-10-77-20-248,ubnt,122.163.61.218
2018-04-13 04:25:53,ip-10-77-20-248,admin,122.163.61.218
2018-04-13 04:25:53,ip-10-77-20-248,ubnt,122.163.61.218
2018-04-13 04:25:55,ip-10-77-20-248,admin,122.163.61.218
2018-04-13 04:25:57,ip-10-77-20-248,admin,122.163.61.218
2018-04-13 04:25:59,ip-10-77-20-248,admin,122.163.61.218
2018-04-13 04:26:01,ip-10-77-20-248,admin,122.163.61.218
2018-04-13 04:26:05,ip-10-77-20-248,admin,122.163.61.218
2018-04-13 04:26:07,ip-10-77-20-248,admin,122.163.61.218
2018-04-13 04:26:09,ip-10-77-20-248,admin,122.163.61.218
2018-04-13 04:26:11,ip-10-77-20-248,admin,122.163.61.218
2018-04-13 04:26:13,ip-10-77-20-248,admin,122.163.61.218
2018-04-13 04:26:15,ip-10-77-20-248,admin,122.163.61.218
2018-04-13 04:26:17,ip-10-77-20-248,admin,122.163.61.218
2018-04-13 07:23:18,ip-10-77-20-248,root,14.54.210.101
2018-04-13 07:23:18,ip-10-77-20-248,root,14.54.210.101
2018-04-13 07:23:20,ip-10-77-20-248,root,14.54.210.101
2018-04-13 07:23:20,ip-10-77-20-248,root,14.54.210.101
2018-04-13 07:23:22,ip-10-77-20-248,root,14.54.210.101
2018-04-13 07:23:22,ip-10-77-20-248,root,14.54.210.101
2018-04-13 07:23:24,ip-10-77-20-248,root,14.54.210.101
2018-04-13 07:23:24,ip-10-77-20-248,root,14.54.210.101
2018-04-13 07:23:26,ip-10-77-20-248,root,14.54.210.101
2018-04-13 07:23:26,ip-10-77-20-248,root,14.54.210.101
2018-04-13 07:23:29,ip-10-77-20-248,root,14.54.210.101
2018-04-13 07:23:29,ip-10-77-20-248,root,14.54.210.101
2018-04-13 11:42:20,ip-10-77-20-248,admin,105.101.221.33
2018-04-13 11:42:23,ip-10-77-20-248,admin,105.101.221.33
2018-04-13 11:42:25,ip-10-77-20-248,admin,105.101.221.33
2018-04-13 11:42:27,ip-10-77-20-248,admin,105.101.221.33
2018-04-13 11:42:29,ip-10-77-20-248,admin,105.101.221.33
2018-04-13 11:42:31,ip-10-77-20-248,admin,105.101.221.33
2018-04-13 11:42:32,ip-10-77-20-248,admin,105.101.221.33
2018-04-13 19:31:21,ip-10-77-20-248,root,37.110.24.51
2018-04-14 01:05:04,ip-10-77-20-248,root,116.255.253.137
2018-04-14 04:15:23,ip-10-77-20-248,admin,181.25.189.115
2018-04-14 04:15:24,ip-10-77-20-248,admin,181.25.189.115
2018-04-14 04:15:27,ip-10-77-20-248,admin,181.25.189.115
2018-04-14 04:15:30,ip-10-77-20-248,admin,181.25.189.115
2018-04-14 04:15:32,ip-10-77-20-248,admin,181.25.189.115
2018-04-14 04:15:35,ip-10-77-20-248,admin,181.25.189.115
2018-04-14 04:15:37,ip-10-77-20-248,admin,181.25.189.115
2018-04-14 05:01:32,ip-10-77-20-248,admin,178.219.248.139
2018-04-14 05:01:34,ip-10-77-20-248,admin,178.219.248.139
2018-04-14 05:01:36,ip-10-77-20-248,admin,178.219.248.139
2018-04-14 05:01:38,ip-10-77-20-248,admin,178.219.248.139
2018-04-14 05:01:40,ip-10-77-20-248,admin,178.219.248.139
2018-04-14 05:01:42,ip-10-77-20-248,admin,178.219.248.139
2018-04-14 05:01:43,ip-10-77-20-248,admin,178.219.248.139
2018-04-14 05:11:18,ip-10-77-20-248,admin,177.38.145.209
2018-04-14 05:11:20,ip-10-77-20-248,admin,177.38.145.209
2018-04-14 05:11:23,ip-10-77-20-248,admin,177.38.145.209
2018-04-14 05:11:26,ip-10-77-20-248,admin,177.38.145.209
2018-04-14 05:11:28,ip-10-77-20-248,admin,177.38.145.209
2018-04-14 05:11:30,ip-10-77-20-248,admin,177.38.145.209
2018-04-14 05:11:32,ip-10-77-20-248,admin,177.38.145.209
2018-04-14 08:24:53,ip-10-77-20-248,root,191.83.152.32
2018-04-14 08:33:00,ip-10-77-20-248,root,170.79.155.119
2018-04-14 08:38:34,ip-10-77-20-248,ubnt,46.30.160.83
2018-04-14 08:38:36,ip-10-77-20-248,ubnt,46.30.160.83
2018-04-14 08:38:38,ip-10-77-20-248,ubnt,46.30.160.83
2018-04-14 08:38:40,ip-10-77-20-248,ubnt,46.30.160.83
2018-04-14 08:38:42,ip-10-77-20-248,ubnt,46.30.160.83
2018-04-14 08:38:44,ip-10-77-20-248,ubnt,46.30.160.83
2018-04-14 08:38:46,ip-10-77-20-248,ubnt,46.30.160.83
2018-04-15 01:56:21,ip-10-77-20-248,root,201.178.245.106
2018-04-15 04:23:45,ip-10-77-20-248,root,181.211.173.182
2018-04-15 23:19:20,ip-10-77-20-248,root,122.144.136.83
2018-04-16 03:45:25,ip-10-77-20-248,root,1.189.205.173
2018-04-16 06:15:10,ip-10-77-20-248,root,181.23.26.185
2018-04-16 16:19:04,ip-10-77-20-248,root,201.27.216.125
2018-04-16 20:18:37,ip-10-77-20-248,root,179.208.151.103
2018-04-16 21:17:14,ip-10-77-20-248,root,119.193.140.203
2018-04-16 22:09:19,ip-10-77-20-248,root,182.243.85.75
2018-04-16 22:50:07,ip-10-77-20-248,root,61.174.116.31
2018-04-17 14:13:42,ip-10-77-20-248,admin,111.40.166.130
2018-04-17 14:13:45,ip-10-77-20-248,admin,111.40.166.130
2018-04-17 14:13:48,ip-10-77-20-248,admin,111.40.166.130
2018-04-17 14:13:50,ip-10-77-20-248,admin,111.40.166.130
2018-04-17 14:13:52,ip-10-77-20-248,admin,111.40.166.130
2018-04-17 14:13:54,ip-10-77-20-248,admin,111.40.166.130
2018-04-17 14:13:57,ip-10-77-20-248,admin,111.40.166.130
2018-04-17 20:11:05,ip-10-77-20-248,root,186.129.147.223
2018-04-17 20:53:34,ip-10-77-20-248,root,37.78.105.176
2018-04-18 03:12:36,ip-10-77-20-248,root,58.100.135.31
2018-04-18 15:00:53,ip-10-77-20-248,root,221.194.44.190
2018-04-18 15:03:51,ip-10-77-20-248,root,221.194.44.190
2018-04-18 15:06:47,ip-10-77-20-248,root,221.194.44.190
2018-04-18 18:47:29,ip-10-77-20-248,root,178.161.33.80
2018-04-19 04:37:47,ip-10-77-20-248,admin,179.38.76.250
2018-04-19 04:37:49,ip-10-77-20-248,admin,179.38.76.250
2018-04-19 04:37:52,ip-10-77-20-248,admin,179.38.76.250
2018-04-19 04:37:54,ip-10-77-20-248,admin,179.38.76.250
2018-04-19 04:37:56,ip-10-77-20-248,admin,179.38.76.250
2018-04-19 04:37:58,ip-10-77-20-248,admin,179.38.76.250
2018-04-19 04:38:01,ip-10-77-20-248,admin,179.38.76.250
2018-04-19 10:12:20,ip-10-77-20-248,root,186.47.222.98
2018-04-19 17:12:40,ip-10-77-20-248,admin,201.178.81.113
2018-04-19 17:12:41,ip-10-77-20-248,root,201.178.81.113
2018-04-19 17:12:42,ip-10-77-20-248,admin,201.178.81.113
2018-04-19 17:12:43,ip-10-77-20-248,root,201.178.81.113
2018-04-19 17:12:44,ip-10-77-20-248,root,201.178.81.113
2018-04-19 17:12:45,ip-10-77-20-248,admin,201.178.81.113
2018-04-19 17:12:45,ip-10-77-20-248,root,201.178.81.113
2018-04-19 17:12:47,ip-10-77-20-248,root,201.178.81.113
2018-04-19 17:12:47,ip-10-77-20-248,admin,201.178.81.113
2018-04-19 17:12:48,ip-10-77-20-248,root,201.178.81.113
2018-04-19 17:12:48,ip-10-77-20-248,root,201.178.81.113
2018-04-19 17:12:49,ip-10-77-20-248,root,201.178.81.113
2018-04-19 17:12:49,ip-10-77-20-248,admin,201.178.81.113
2018-04-19 17:12:50,ip-10-77-20-248,root,201.178.81.113
2018-04-19 17:12:50,ip-10-77-20-248,root,201.178.81.113
2018-04-19 17:12:51,ip-10-77-20-248,admin,201.178.81.113
2018-04-19 17:12:51,ip-10-77-20-248,root,201.178.81.113
2018-04-19 17:12:52,ip-10-77-20-248,root,201.178.81.113
2018-04-19 17:12:53,ip-10-77-20-248,root,201.178.81.113
2018-04-19 17:12:54,ip-10-77-20-248,admin,201.178.81.113
2018-04-19 17:12:54,ip-10-77-20-248,root,201.178.81.113
2018-04-19 17:12:54,ip-10-77-20-248,ubnt,201.178.81.113
2018-04-19 17:12:55,ip-10-77-20-248,root,201.178.81.113
2018-04-19 17:12:56,ip-10-77-20-248,root,201.178.81.113
2018-04-19 17:12:56,ip-10-77-20-248,ubnt,201.178.81.113
2018-04-19 17:12:58,ip-10-77-20-248,root,201.178.81.113
2018-04-19 17:12:59,ip-10-77-20-248,ubnt,201.178.81.113
2018-04-19 17:13:00,ip-10-77-20-248,root,201.178.81.113
2018-04-19 17:13:01,ip-10-77-20-248,ubnt,201.178.81.113
2018-04-19 17:13:04,ip-10-77-20-248,ubnt,201.178.81.113
2018-04-19 17:13:06,ip-10-77-20-248,ubnt,201.178.81.113
2018-04-19 17:13:08,ip-10-77-20-248,ubnt,201.178.81.113
2018-04-19 17:13:12,ip-10-77-20-248,root,201.178.81.113
2018-04-20 03:06:39,ip-10-77-20-248,root,68.182.39.76
2018-04-20 13:50:51,ip-10-77-20-248,root,122.5.240.60
